Name,Email,Phone
Alice Example,alice.example123@gmail.com,202-555-0147
Bob Test,bobtest[at]mail.com,(202) 555-0173
Charlie Hacker,charlie_h@protonmail.com,7700 900123
Diana Prince,e.hunt@imf.gov,202-555-0100
Ethan Hunt,agent.ethan@yahoo.co.uk,202 555 0199
Frank Castle,thepunisher@justice.net,(202) 555-0142
,grace.hopper@us.navy.mil,12345678
,heidi.schmidt[at]mail.de,202.555.0199
,johnny77@yahoo.com,312-555-0155
,jane.d@web-services.co.,(555) 867-5309
,e.reed.sci[at]researchgate.net.,2025-10-01
,support@darkmarket.onion,
